<?xml version="1.0" encoding="UTF-8"?>
<project-private xmlns="http://www.netbeans.org/ns/project-private/1">
    <editor-bookmarks xmlns="http://www.netbeans.org/ns/editor-bookmarks/2" lastBookmarkId="0"/>
    <open-files xmlns="http://www.netbeans.org/ns/projectui-open-files/2">
        <group>
            <file>file:/C:/xampp/htdocs/todo_list/new_task.php</file>
            <file>file:/C:/xampp/htdocs/todo_list/API/Select.php</file>
            <file>file:/C:/xampp/htdocs/todo_list/API/DataRetrieval.php</file>
            <file>file:/C:/xampp/htdocs/todo_list/API/GlobalVars.php</file>
            <file>file:/C:/xampp/htdocs/todo_list/tasks.html</file>
            <file>file:/C:/xampp/htdocs/todo_list/API/DataStorage.php</file>
            <file>file:/C:/xampp/htdocs/todo_list/index.php</file>
        </group>
    </open-files>
</project-private>
